MESS_DATUM;TMK;TNK;TXK;Date;Year;D;D.cumsum.1stMarch;BB;doy;BB.doy;meanT.year;meanT.year.rank;THT;THT.Sum;days.after.BB
2022-02-17T00:00:00Z;11;7.4;14.2;2022-02-17;2022;5.1;;;48;;13.6553459119497;2;0.800000000000001;0;
2022-02-18T00:00:00Z;9.7;7.3;13.8;2022-02-18;2022;3.8;;;49;;13.6553459119497;2;0.550000000000001;0;
2022-02-19T00:00:00Z;6.8;5;8.6;2022-02-19;2022;1.0125;;;50;;13.6553459119497;2;0;0;
2022-02-20T00:00:00Z;8.7;6.4;11;2022-02-20;2022;2.8;;;51;;13.6553459119497;2;0;0;
2022-02-21T00:00:00Z;6.8;2.4;10.8;2022-02-21;2022;1.42916666666667;;;52;;13.6553459119497;2;0;0;
2022-02-22T00:00:00Z;7.4;4.4;9.9;2022-02-22;2022;1.45454545454545;;;53;;13.6553459119497;2;0;0;
2022-02-23T00:00:00Z;6.8;2.1;12.3;2022-02-23;2022;2.0078431372549;;;54;;13.6553459119497;2;0;0;
2022-02-24T00:00:00Z;6.5;2.4;11.7;2022-02-24;2022;1.80860215053763;;;55;;13.6553459119497;2;0;0;
2022-02-25T00:00:00Z;3.6;1.1;7.9;2022-02-25;2022;0.294117647058823;;;56;;13.6553459119497;2;0;0;
2022-02-26T00:00:00Z;4;-0.6;8.1;2022-02-26;2022;0.27816091954023;;;57;;13.6553459119497;2;0;0;
2022-02-27T00:00:00Z;4.2;-0.2;9.4;2022-02-27;2022;0.638020833333333;;;58;;13.6553459119497;2;0;0;
2022-02-28T00:00:00Z;3.8;-1.6;9.8;2022-02-28;2022;0.667105263157895;;;59;;13.6553459119497;2;0;0;
2022-03-01T00:00:00Z;3.3;-0.9;7.8;2022-03-01;2022;0.207471264367816;0.207471264367816;;60;;13.6553459119497;2;0;0;
2022-03-02T00:00:00Z;3.1;-1;9.5;2022-03-02;2022;0.617142857142857;0.824614121510673;;61;;13.6553459119497;2;0;0;
2022-03-03T00:00:00Z;3.2;-3.1;11.4;2022-03-03;2022;1.04310344827586;1.86771756978654;;62;;13.6553459119497;2;0;0;
2022-03-04T00:00:00Z;3.3;-1.9;8.9;2022-03-04;2022;0.416666666666667;2.2843842364532;;63;;13.6553459119497;2;0;0;
2022-03-05T00:00:00Z;2.8;-2.3;8;2022-03-05;2022;0.214077669902913;2.49846190635611;;64;;13.6553459119497;2;0;0;
2022-03-06T00:00:00Z;2.7;-2;7.9;2022-03-06;2022;0.202020202020202;2.70048210837632;;65;;13.6553459119497;2;0;0;
2022-03-07T00:00:00Z;1.4;-1.7;5.6;2022-03-07;2022;0;2.70048210837632;;66;;13.6553459119497;2;0;0;
2022-03-08T00:00:00Z;3.7;-2.3;10.1;2022-03-08;2022;0.711290322580645;3.41177243095696;;67;;13.6553459119497;2;0;0;
2022-03-09T00:00:00Z;3.6;-3.5;12;2022-03-09;2022;1.20032258064516;4.61209501160212;;68;;13.6553459119497;2;0;0;
2022-03-10T00:00:00Z;6.4;-2.5;15.6;2022-03-10;2022;2.59917127071823;7.21126628232035;;69;;13.6553459119497;2;0;0;
2022-03-11T00:00:00Z;7.4;2.8;12.6;2022-03-11;2022;2.29030612244898;9.50157240476933;;70;;13.6553459119497;2;0;0;
2022-03-12T00:00:00Z;7.9;4;13.3;2022-03-12;2022;2.94408602150538;12.4456584262747;;71;;13.6553459119497;2;0;0;
2022-03-13T00:00:00Z;8;0.2;14.7;2022-03-13;2022;2.67034482758621;15.1160032538609;;72;;13.6553459119497;2;0;0;
2022-03-14T00:00:00Z;8.9;4.1;13.7;2022-03-14;2022;3.16875;18.2847532538609;;73;;13.6553459119497;2;0;0;
2022-03-15T00:00:00Z;5.4;3.4;6.9;2022-03-15;2022;0.142857142857143;18.4276103967181;;74;;13.6553459119497;2;0;0;
2022-03-16T00:00:00Z;7;1.8;12;2022-03-16;2022;1.82401960784314;20.2516300045612;;75;;13.6553459119497;2;0;0;
2022-03-17T00:00:00Z;8.5;5;10.4;2022-03-17;2022;1.875;22.1266300045612;;76;;13.6553459119497;2;0;0;
2022-03-18T00:00:00Z;9;3.9;15.2;2022-03-18;2022;3.82699115044248;25.9536211550037;;77;;13.6553459119497;2;0;0;
2022-03-19T00:00:00Z;8.6;5.4;13.2;2022-03-19;2022;3.41602564102564;29.3696467960293;;78;;13.6553459119497;2;0;0;
2022-03-20T00:00:00Z;9;4;14.8;2022-03-20;2022;3.66712962962963;33.0367764256589;;79;;13.6553459119497;2;0;0;
2022-03-21T00:00:00Z;10.3;3.8;16.8;2022-03-21;2022;4.56961538461539;37.6063918102743;;80;;13.6553459119497;2;0.300000000000001;0;
2022-03-22T00:00:00Z;9.3;2.5;17;2022-03-22;2022;4.24862068965517;41.8550124999295;;81;;13.6553459119497;2;0;0;
2022-03-23T00:00:00Z;10;1.7;19.3;2022-03-23;2022;5.10113636363636;46.9561488635659;;82;;13.6553459119497;2;0.5;0;
2022-03-24T00:00:00Z;11.5;2.9;19.6;2022-03-24;2022;5.61946107784431;52.5756099414102;;83;;13.6553459119497;2;1.25;0;
2022-03-25T00:00:00Z;11.7;4.4;19;2022-03-25;2022;5.87705479452055;58.4526647359307;;84;;13.6553459119497;2;1.7;0;
2022-03-26T00:00:00Z;11.6;4.2;18.8;2022-03-26;2022;5.69897260273973;64.1516373386704;;85;;13.6553459119497;2;1.5;0;
2022-03-27T00:00:00Z;12.5;5.5;20.1;2022-03-27;2022;6.9054794520548;71.0571167907253;;86;;13.6553459119497;2;2.8;0;
2022-03-28T00:00:00Z;13.2;4.8;21.5;2022-03-28;2022;7.28622754491018;78.3433443356354;;87;;13.6553459119497;2;3.15;0;
2022-03-29T00:00:00Z;12.6;8.7;16.1;2022-03-29;2022;6.7;85.0433443356354;;88;;13.6553459119497;2;2.4;0;
2022-03-30T00:00:00Z;9.4;6.9;12.6;2022-03-30;2022;3.5;88.5433443356354;;89;;13.6553459119497;2;0;0;
2022-03-31T00:00:00Z;6.3;4.1;8.8;2022-03-31;2022;0.89468085106383;89.4380251866993;;90;;13.6553459119497;2;0;0;
2022-04-01T00:00:00Z;2.5;0.7;4.1;2022-04-01;2022;0;89.4380251866993;;91;;13.6553459119497;2;0;0;
2022-04-02T00:00:00Z;2.1;0.4;4.6;2022-04-02;2022;0;89.4380251866993;;92;;13.6553459119497;2;0;0;
2022-04-03T00:00:00Z;3.2;-0.6;7.9;2022-04-03;2022;0.235294117647059;89.6733193043463;;93;;13.6553459119497;2;0;0;
2022-04-04T00:00:00Z;4.6;-1.6;9.7;2022-04-04;2022;0.638938053097345;90.3122573574437;;94;;13.6553459119497;2;0;0;
2022-04-05T00:00:00Z;9.2;6.6;11.7;2022-04-05;2022;3.3;93.6122573574437;;95;;13.6553459119497;2;0;0;
2022-04-06T00:00:00Z;11;9.2;14.3;2022-04-06;2022;5.1;98.7122573574437;;96;;13.6553459119497;2;1.75;0;
2022-04-07T00:00:00Z;11.1;8.8;14.2;2022-04-07;2022;5.2;103.912257357444;;97;;13.6553459119497;2;1.5;0;
2022-04-08T00:00:00Z;5.7;2.6;9.1;2022-04-08;2022;0.787692307692307;104.699949665136;;98;;13.6553459119497;2;0;0;
2022-04-09T00:00:00Z;6.1;2.5;11.2;2022-04-09;2022;1.61436781609195;106.314317481228;;99;;13.6553459119497;2;0;0;
2022-04-10T00:00:00Z;4.9;0.1;10.9;2022-04-10;2022;1.15740740740741;107.471724888635;;100;;13.6553459119497;2;0;0;
2022-04-11T00:00:00Z;8.7;1.2;15.4;2022-04-11;2022;3.17781690140845;110.649541790044;;101;;13.6553459119497;2;0;0;
2022-04-12T00:00:00Z;13.9;5.7;21.9;2022-04-12;2022;7.90123456790123;118.550776357945;;102;;13.6553459119497;2;3.8;0;
2022-04-13T00:00:00Z;16.3;9.1;23.7;2022-04-13;2022;10.4;128.950776357945;;103;;13.6553459119497;2;6.4;0;
2022-04-14T00:00:00Z;15.6;11.1;20.1;2022-04-14;2022;9.7;138.650776357945;;104;;13.6553459119497;2;5.6;0;
2022-04-15T00:00:00Z;13.9;8.1;19.2;2022-04-15;2022;8;146.650776357945;;105;;13.6553459119497;2;3.65;0;
2022-04-16T00:00:00Z;10.9;5.9;16.1;2022-04-16;2022;5;151.650776357945;;106;;13.6553459119497;2;1;0;
2022-04-17T00:00:00Z;10.6;4.7;16.8;2022-04-17;2022;4.90950413223141;156.560280490176;;107;;13.6553459119497;2;0.75;0;
2022-04-18T00:00:00Z;11.3;3.4;18.2;2022-04-18;2022;5.11114864864865;161.671429138825;1;108;112;13.6553459119497;2;0.799999999999999;0;
2022-04-19T00:00:00Z;12.2;3.4;19.6;2022-04-19;2022;5.7929012345679;167.464330373393;1;109;112;13.6553459119497;2;1.5;0;
2022-04-20T00:00:00Z;11.7;5.5;17.3;2022-04-20;2022;5.50677966101695;172.97111003441;1;110;112;13.6553459119497;2;1.4;0;
2022-04-21T00:00:00Z;11.8;4.7;17.5;2022-04-21;2022;5.25625;178.22736003441;1;111;112;13.6553459119497;2;1.1;0;
2022-04-22T00:00:00Z;13.3;6.8;19.8;2022-04-22;2022;7.4;185.62736003441;1;112;112;13.6553459119497;2;3.3;0;
2022-04-23T00:00:00Z;13;9.5;16.4;2022-04-23;2022;7.1;192.72736003441;1;113;112;13.6553459119497;2;2.95;2.95;1
2022-04-24T00:00:00Z;12.5;8.6;15.6;2022-04-24;2022;6.6;199.32736003441;1;114;112;13.6553459119497;2;2.1;5.05;2
2022-04-25T00:00:00Z;10.3;5.8;16.5;2022-04-25;2022;5.25046728971963;204.57782732413;1;115;112;13.6553459119497;2;1.15;6.2;3
2022-04-26T00:00:00Z;8.6;6.5;9.9;2022-04-26;2022;2.7;207.27782732413;1;116;112;13.6553459119497;2;0;6.2;4
2022-04-27T00:00:00Z;12.2;7.1;19;2022-04-27;2022;6.3;213.57782732413;;117;;13.6553459119497;2;3.05;9.25;5
2022-04-28T00:00:00Z;13.5;5.3;20.6;2022-04-28;2022;7.06176470588235;220.639592030012;;118;;13.6553459119497;2;2.95;12.2;6
2022-04-29T00:00:00Z;13.8;8.1;19.8;2022-04-29;2022;7.9;228.539592030012;;119;;13.6553459119497;2;3.95;16.15;7
2022-04-30T00:00:00Z;10.4;9.2;11.8;2022-04-30;2022;4.5;233.039592030012;;120;;13.6553459119497;2;0.5;16.65;8
2022-05-01T00:00:00Z;12.8;8.9;17.4;2022-05-01;2022;6.9;239.939592030012;;121;;13.6553459119497;2;3.15;19.8;9
2022-05-02T00:00:00Z;14.7;8.1;21.1;2022-05-02;2022;8.8;248.739592030012;;122;;13.6553459119497;2;4.6;24.4;10
2022-05-03T00:00:00Z;16.8;13;21.8;2022-05-03;2022;10.9;259.639592030012;;123;;13.6553459119497;2;7.4;31.8;11
2022-05-04T00:00:00Z;16.1;12.2;21.4;2022-05-04;2022;10.2;269.839592030012;;124;;13.6553459119497;2;6.8;38.6;12
2022-05-05T00:00:00Z;14.4;11;17.2;2022-05-05;2022;8.5;278.339592030012;;125;;13.6553459119497;2;4.1;42.7;13
2022-05-06T00:00:00Z;15.8;9.7;22.3;2022-05-06;2022;9.9;288.239592030012;;126;;13.6553459119497;2;6;48.7;14
2022-05-07T00:00:00Z;16.7;8.1;23.7;2022-05-07;2022;10.8;299.039592030012;;127;;13.6553459119497;2;5.9;54.6;15
2022-05-08T00:00:00Z;16.6;11.3;23.4;2022-05-08;2022;10.7;309.739592030012;;128;;13.6553459119497;2;7.35;61.95;16
2022-05-09T00:00:00Z;17.2;10.1;24.8;2022-05-09;2022;11.3;321.039592030012;;129;;13.6553459119497;2;7.45;69.4;17
2022-05-10T00:00:00Z;18.6;10.7;26.6;2022-05-10;2022;12.7;333.739592030012;;130;;13.6553459119497;2;8.65;78.05;18
2022-05-11T00:00:00Z;21.5;12.8;29.2;2022-05-11;2022;15.6;349.339592030012;;131;;13.6553459119497;2;11;89.05;19
2022-05-12T00:00:00Z;19.7;12.9;24.5;2022-05-12;2022;13.8;363.139592030012;;132;;13.6553459119497;2;8.7;97.75;20
2022-05-13T00:00:00Z;16.7;10.8;22.9;2022-05-13;2022;10.8;373.939592030012;;133;;13.6553459119497;2;6.85;104.6;21
2022-05-14T00:00:00Z;17.8;9.4;25.5;2022-05-14;2022;11.9;385.839592030012;;134;;13.6553459119497;2;7.45;112.05;22
2022-05-15T00:00:00Z;19.4;10.9;26.5;2022-05-15;2022;13.5;399.339592030012;;135;;13.6553459119497;2;8.7;120.75;23
2022-05-16T00:00:00Z;18.6;14;26.4;2022-05-16;2022;12.7;412.039592030012;;136;;13.6553459119497;2;10.2;130.95;24
2022-05-17T00:00:00Z;19.9;12.6;26.4;2022-05-17;2022;14;426.039592030012;;137;;13.6553459119497;2;9.5;140.45;25
2022-05-18T00:00:00Z;22.1;13.7;29.2;2022-05-18;2022;16.2;442.239592030012;;138;;13.6553459119497;2;11.45;151.9;26
2022-05-19T00:00:00Z;21.4;15.3;30.5;2022-05-19;2022;15.5;457.739592030012;;139;;13.6553459119497;2;12.9;164.8;27
2022-05-20T00:00:00Z;20.4;14.2;27;2022-05-20;2022;14.5;472.239592030012;;140;;13.6553459119497;2;10.6;175.4;28
2022-05-21T00:00:00Z;16.2;10.6;22;2022-05-21;2022;10.3;482.539592030012;;141;;13.6553459119497;2;6.3;181.7;29
2022-05-22T00:00:00Z;17.7;9.9;24.1;2022-05-22;2022;11.8;494.339592030012;;142;;13.6553459119497;2;7;188.7;30
2022-05-23T00:00:00Z;19;15;25.4;2022-05-23;2022;13.1;507.439592030012;;143;;13.6553459119497;2;10.2;198.9;31
2022-05-24T00:00:00Z;15.7;10.4;19.9;2022-05-24;2022;9.8;517.239592030012;;144;;13.6553459119497;2;5.15;204.05;32
2022-05-25T00:00:00Z;16;8.2;22;2022-05-25;2022;10.1;527.339592030012;;145;;13.6553459119497;2;5.1;209.15;33
2022-05-26T00:00:00Z;17.7;12.1;22.7;2022-05-26;2022;11.8;539.139592030012;;146;;13.6553459119497;2;7.4;216.55;34
2022-05-27T00:00:00Z;16.7;10.4;21.9;2022-05-27;2022;10.8;549.939592030012;;147;;13.6553459119497;2;6.15;222.7;35
2022-05-28T00:00:00Z;13.9;7.4;19.6;2022-05-28;2022;8;557.939592030012;;148;;13.6553459119497;2;3.5;226.2;36
2022-05-29T00:00:00Z;12.3;8;18.2;2022-05-29;2022;6.4;564.339592030012;;149;;13.6553459119497;2;3.1;229.3;37
2022-05-30T00:00:00Z;12.3;7.5;17.7;2022-05-30;2022;6.4;570.739592030012;;150;;13.6553459119497;2;2.6;231.9;38
2022-05-31T00:00:00Z;14.9;7.7;22.2;2022-05-31;2022;9;579.739592030012;;151;;13.6553459119497;2;4.95;236.85;39
2022-06-01T00:00:00Z;16.1;9.6;23;2022-06-01;2022;10.2;589.939592030012;;152;;13.6553459119497;2;6.3;243.15;40
2022-06-02T00:00:00Z;16.3;7.4;22.9;2022-06-02;2022;10.4;600.339592030012;;153;;13.6553459119497;2;5.15;248.3;41
2022-06-03T00:00:00Z;18.4;10.3;25.7;2022-06-03;2022;12.5;612.839592030012;;154;;13.6553459119497;2;8;256.3;42
2022-06-04T00:00:00Z;21.5;15;28.2;2022-06-04;2022;15.6;628.439592030012;;155;;13.6553459119497;2;11.6;267.9;43
2022-06-05T00:00:00Z;19;16.4;21.6;2022-06-05;2022;13.1;641.539592030012;;156;;13.6553459119497;2;9;276.9;44
2022-06-06T00:00:00Z;18.6;13.3;24;2022-06-06;2022;12.7;654.239592030012;;157;;13.6553459119497;2;8.65;285.55;45
2022-06-07T00:00:00Z;17.6;12.8;23.1;2022-06-07;2022;11.7;665.939592030012;;158;;13.6553459119497;2;7.95;293.5;46
2022-06-08T00:00:00Z;16.3;12.9;21.5;2022-06-08;2022;10.4;676.339592030012;;159;;13.6553459119497;2;7.2;300.7;47
2022-06-09T00:00:00Z;15.5;11.3;20.5;2022-06-09;2022;9.6;685.939592030012;;160;;13.6553459119497;2;5.9;306.6;48
2022-06-10T00:00:00Z;17.9;9.9;25.5;2022-06-10;2022;12;697.939592030012;;161;;13.6553459119497;2;7.7;314.3;49
2022-06-11T00:00:00Z;21.4;13.3;28.8;2022-06-11;2022;15.5;713.439592030012;;162;;13.6553459119497;2;11.05;325.35;50
2022-06-12T00:00:00Z;22.3;15.5;28.8;2022-06-12;2022;16.4;729.839592030012;;163;;13.6553459119497;2;12.15;337.5;51
2022-06-13T00:00:00Z;18.4;13;23.5;2022-06-13;2022;12.5;742.339592030012;;164;;13.6553459119497;2;8.25;345.75;52
2022-06-14T00:00:00Z;19;10;26.5;2022-06-14;2022;13.1;755.439592030012;;165;;13.6553459119497;2;8.25;354;53
2022-06-15T00:00:00Z;22.9;13;31.1;2022-06-15;2022;17;772.439592030012;;166;;13.6553459119497;2;12.05;366.05;54
2022-06-16T00:00:00Z;22.8;15.7;28.1;2022-06-16;2022;16.9;789.339592030012;;167;;13.6553459119497;2;11.9;377.95;55
2022-06-17T00:00:00Z;22.2;13;30.7;2022-06-17;2022;16.3;805.639592030012;;168;;13.6553459119497;2;11.85;389.8;56
2022-06-18T00:00:00Z;26.4;15.6;36.4;2022-06-18;2022;20.5;826.139592030012;;169;;13.6553459119497;2;16;405.8;57
2022-06-19T00:00:00Z;26.3;19.2;35.3;2022-06-19;2022;20.4;846.539592030012;;170;;13.6553459119497;2;17.25;423.05;58
2022-06-20T00:00:00Z;16.6;11.1;19.9;2022-06-20;2022;10.7;857.239592030012;;171;;13.6553459119497;2;5.5;428.55;59
2022-06-21T00:00:00Z;19;8.9;27.4;2022-06-21;2022;13.1;870.339592030012;;172;;13.6553459119497;2;8.15;436.7;60
2022-06-22T00:00:00Z;22.8;15.7;29.2;2022-06-22;2022;16.9;887.239592030012;;173;;13.6553459119497;2;12.45;449.15;61
2022-06-23T00:00:00Z;24.5;17.1;31.7;2022-06-23;2022;18.6;905.839592030012;;174;;13.6553459119497;2;14.4;463.55;62
2022-06-24T00:00:00Z;19.9;16;27.9;2022-06-24;2022;14;919.839592030012;;175;;13.6553459119497;2;11.95;475.5;63
2022-06-25T00:00:00Z;20.7;14.2;27.5;2022-06-25;2022;14.8;934.639592030012;;176;;13.6553459119497;2;10.85;486.35;64
2022-06-26T00:00:00Z;20.1;16.7;24.6;2022-06-26;2022;14.2;948.839592030012;;177;;13.6553459119497;2;10.65;497;65
2022-06-27T00:00:00Z;19.5;13.5;23.8;2022-06-27;2022;13.6;962.439592030012;;178;;13.6553459119497;2;8.65;505.65;66
2022-06-28T00:00:00Z;19.7;12.1;26.2;2022-06-28;2022;13.8;976.239592030012;;179;;13.6553459119497;2;9.15;514.8;67
2022-06-29T00:00:00Z;23;18.1;29.1;2022-06-29;2022;17.1;993.339592030012;;180;;13.6553459119497;2;13.6;528.4;68
2022-06-30T00:00:00Z;23.3;15.1;31.5;2022-06-30;2022;17.4;1010.73959203001;;181;;13.6553459119497;2;13.3;541.7;69
2022-07-01T00:00:00Z;17.3;12.6;22.3;2022-07-01;2022;11.4;1022.13959203001;;182;;13.6553459119497;2;7.45;549.15;70
2022-07-02T00:00:00Z;19.8;10.7;27.4;2022-07-02;2022;13.9;1036.03959203001;;183;;13.6553459119497;2;9.05;558.2;71
2022-07-03T00:00:00Z;22.6;13.8;30.2;2022-07-03;2022;16.7;1052.73959203001;;184;;13.6553459119497;2;12;570.2;72
2022-07-04T00:00:00Z;21.2;15;27.5;2022-07-04;2022;15.3;1068.03959203001;;185;;13.6553459119497;2;11.25;581.45;73
2022-07-05T00:00:00Z;21.4;14;27.9;2022-07-05;2022;15.5;1083.53959203001;;186;;13.6553459119497;2;10.95;592.4;74
2022-07-06T00:00:00Z;17.5;13.8;21.7;2022-07-06;2022;11.6;1095.13959203001;;187;;13.6553459119497;2;7.75;600.15;75
2022-07-07T00:00:00Z;17.4;13.8;20.1;2022-07-07;2022;11.5;1106.63959203001;;188;;13.6553459119497;2;6.95;607.1;76
2022-07-08T00:00:00Z;18.1;10.7;25.6;2022-07-08;2022;12.2;1118.83959203001;;189;;13.6553459119497;2;8.15;615.25;77
2022-07-09T00:00:00Z;19.6;13.4;26.6;2022-07-09;2022;13.7;1132.53959203001;;190;;13.6553459119497;2;10;625.25;78
2022-07-10T00:00:00Z;17.2;11.5;21.2;2022-07-10;2022;11.3;1143.83959203001;;191;;13.6553459119497;2;6.35;631.6;79
2022-07-11T00:00:00Z;19.8;15.8;25;2022-07-11;2022;13.9;1157.73959203001;;192;;13.6553459119497;2;10.4;642;80
2022-07-12T00:00:00Z;21.7;13.3;29.5;2022-07-12;2022;15.8;1173.53959203001;;193;;13.6553459119497;2;11.4;653.4;81
2022-07-13T00:00:00Z;26;18.2;35.4;2022-07-13;2022;20.1;1193.63959203001;;194;;13.6553459119497;2;16.8;670.2;82
2022-07-14T00:00:00Z;23.1;15.6;28;2022-07-14;2022;17.2;1210.83959203001;;195;;13.6553459119497;2;11.8;682;83
2022-07-15T00:00:00Z;18.9;13.5;24.7;2022-07-15;2022;13;1223.83959203001;;196;;13.6553459119497;2;9.1;691.1;84
2022-07-16T00:00:00Z;19.5;11.1;26.5;2022-07-16;2022;13.6;1237.43959203001;;197;;13.6553459119497;2;8.8;699.9;85
2022-07-17T00:00:00Z;21.3;11;29.6;2022-07-17;2022;15.4;1252.83959203001;;198;;13.6553459119497;2;10.3;710.2;86
2022-07-18T00:00:00Z;24.5;14.4;34.2;2022-07-18;2022;18.6;1271.43959203001;;199;;13.6553459119497;2;14.3;724.5;87
2022-07-19T00:00:00Z;27.4;15.8;37.1;2022-07-19;2022;21.5;1292.93959203001;;200;;13.6553459119497;2;16.45;740.95;88
2022-07-20T00:00:00Z;26.6;18.8;35.5;2022-07-20;2022;20.7;1313.63959203001;;201;;13.6553459119497;2;17.15;758.1;89
2022-07-21T00:00:00Z;22.7;17.8;28.6;2022-07-21;2022;16.8;1330.43959203001;;202;;13.6553459119497;2;13.2;771.3;90
2022-07-22T00:00:00Z;23.3;16.9;30.4;2022-07-22;2022;17.4;1347.83959203001;;203;;13.6553459119497;2;13.65;784.95;91
2022-07-23T00:00:00Z;23.8;18.1;29.8;2022-07-23;2022;17.9;1365.73959203001;;204;;13.6553459119497;2;13.95;798.9;92
2022-07-24T00:00:00Z;25.1;16.9;32.7;2022-07-24;2022;19.2;1384.93959203001;;205;;13.6553459119497;2;14.8;813.7;93
2022-07-25T00:00:00Z;25.7;17.6;34.4;2022-07-25;2022;19.8;1404.73959203001;;206;;13.6553459119497;2;16;829.7;94
2022-07-26T00:00:00Z;21.7;17.4;27.3;2022-07-26;2022;15.8;1420.53959203001;;207;;13.6553459119497;2;12.35;842.05;95
2022-07-27T00:00:00Z;20.1;15.1;25.3;2022-07-27;2022;14.2;1434.73959203001;;208;;13.6553459119497;2;10.2;852.25;96
2022-07-28T00:00:00Z;21.4;13.5;27.8;2022-07-28;2022;15.5;1450.23959203001;;209;;13.6553459119497;2;10.65;862.9;97
2022-07-29T00:00:00Z;22;15.5;30.3;2022-07-29;2022;16.1;1466.33959203001;;210;;13.6553459119497;2;12.9;875.8;98
2022-07-30T00:00:00Z;22.6;15.1;29;2022-07-30;2022;16.7;1483.03959203001;;211;;13.6553459119497;2;12.05;887.85;99
2022-07-31T00:00:00Z;24.1;18.3;31.7;2022-07-31;2022;18.2;1501.23959203001;;212;;13.6553459119497;2;15;902.85;100
2022-08-01T00:00:00Z;23.3;18;28.3;2022-08-01;2022;17.4;1518.63959203001;;213;;13.6553459119497;2;13.15;916;101
2022-08-02T00:00:00Z;24;16.9;30.8;2022-08-02;2022;18.1;1536.73959203001;;214;;13.6553459119497;2;13.85;929.85;102
2022-08-03T00:00:00Z;26.4;16.7;35.1;2022-08-03;2022;20.5;1557.23959203001;;215;;13.6553459119497;2;15.9;945.75;103
2022-08-04T00:00:00Z;28.7;19.4;38.3;2022-08-04;2022;22.8;1580.03959203001;;216;;13.6553459119497;2;18.85;964.6;104
2022-08-05T00:00:00Z;21.7;15.9;26;2022-08-05;2022;15.8;1595.83959203001;;217;;13.6553459119497;2;10.95;975.55;105
2022-08-06T00:00:00Z;19.3;13;25.3;2022-08-06;2022;13.4;1609.23959203001;;218;;13.6553459119497;2;9.15;984.7;106
2022-08-07T00:00:00Z;21;13.5;28;2022-08-07;2022;15.1;1624.33959203001;;219;;13.6553459119497;2;10.75;995.45;107
2022-08-08T00:00:00Z;23.4;15.3;30.6;2022-08-08;2022;17.5;1641.83959203001;;220;;13.6553459119497;2;12.95;1008.4;108
2022-08-09T00:00:00Z;25.1;17.6;31.4;2022-08-09;2022;19.2;1661.03959203001;;221;;13.6553459119497;2;14.5;1022.9;109
2022-08-10T00:00:00Z;24.9;16.7;31.3;2022-08-10;2022;19;1680.03959203001;;222;;13.6553459119497;2;14;1036.9;110
2022-08-11T00:00:00Z;24.6;16;31.6;2022-08-11;2022;18.7;1698.73959203001;;223;;13.6553459119497;2;13.8;1050.7;111
2022-08-12T00:00:00Z;24.7;17.1;31.6;2022-08-12;2022;18.8;1717.53959203001;;224;;13.6553459119497;2;14.35;1065.05;112
2022-08-13T00:00:00Z;23.9;15.2;31.9;2022-08-13;2022;18;1735.53959203001;;225;;13.6553459119497;2;13.55;1078.6;113
2022-08-14T00:00:00Z;25;17.3;32.5;2022-08-14;2022;19.1;1754.63959203001;;226;;13.6553459119497;2;14.9;1093.5;114
2022-08-15T00:00:00Z;22.1;17.7;26.9;2022-08-15;2022;16.2;1770.83959203001;;227;;13.6553459119497;2;12.3;1105.8;115
2022-08-16T00:00:00Z;22.8;15.1;30.7;2022-08-16;2022;16.9;1787.73959203001;;228;;13.6553459119497;2;12.9;1118.7;116
2022-08-17T00:00:00Z;23.4;17.8;30.6;2022-08-17;2022;17.5;1805.23959203001;;229;;13.6553459119497;2;14.2;1132.9;117
2022-08-18T00:00:00Z;22.7;20.2;27.2;2022-08-18;2022;16.8;1822.03959203001;;230;;13.6553459119497;2;13.7;1146.6;118
2022-08-19T00:00:00Z;23.9;19;29.6;2022-08-19;2022;18;1840.03959203001;;231;;13.6553459119497;2;14.3;1160.9;119
2022-08-20T00:00:00Z;23;16.6;29.1;2022-08-20;2022;17.1;1857.13959203001;;232;;13.6553459119497;2;12.85;1173.75;120
2022-08-21T00:00:00Z;21.9;13.2;29.5;2022-08-21;2022;16;1873.13959203001;;233;;13.6553459119497;2;11.35;1185.1;121
2022-08-22T00:00:00Z;23.8;16.1;31.2;2022-08-22;2022;17.9;1891.03959203001;;234;;13.6553459119497;2;13.65;1198.75;122
2022-08-23T00:00:00Z;24.1;16.5;32.2;2022-08-23;2022;18.2;1909.23959203001;;235;;13.6553459119497;2;14.35;1213.1;123
2022-08-24T00:00:00Z;24.8;16.6;32.9;2022-08-24;2022;18.9;1928.13959203001;;236;;13.6553459119497;2;14.75;1227.85;124
2022-08-25T00:00:00Z;24.7;17;31.9;2022-08-25;2022;18.8;1946.93959203001;;237;;13.6553459119497;2;14.45;1242.3;125
2022-08-26T00:00:00Z;23.7;19;31;2022-08-26;2022;17.8;1964.73959203001;;238;;13.6553459119497;2;15;1257.3;126
2022-08-27T00:00:00Z;20.6;18.6;23.9;2022-08-27;2022;14.7;1979.43959203001;;239;;13.6553459119497;2;11.25;1268.55;127
2022-08-28T00:00:00Z;21.7;16.3;26.8;2022-08-28;2022;15.8;1995.23959203001;;240;;13.6553459119497;2;11.55;1280.1;128
2022-08-29T00:00:00Z;20.8;14.6;27.9;2022-08-29;2022;14.9;2010.13959203001;;241;;13.6553459119497;2;11.25;1291.35;129
2022-08-30T00:00:00Z;22.3;13.7;29.9;2022-08-30;2022;16.4;2026.53959203001;;242;;13.6553459119497;2;11.8;1303.15;130
2022-08-31T00:00:00Z;20.5;17.5;24.4;2022-08-31;2022;14.6;2041.13959203001;;243;;13.6553459119497;2;10.95;1314.1;131
2022-09-01T00:00:00Z;19.9;12.9;25.4;2022-09-01;2022;14;2055.13959203001;;244;;13.6553459119497;2;9.15;1323.25;132
2022-09-02T00:00:00Z;20.6;14.3;25.9;2022-09-02;2022;14.7;2069.83959203001;;245;;13.6553459119497;2;10.1;1333.35;133
2022-09-03T00:00:00Z;17.8;14.2;23.2;2022-09-03;2022;11.9;2081.73959203001;;246;;13.6553459119497;2;8.7;1342.05;134
2022-09-04T00:00:00Z;19.5;14;27.7;2022-09-04;2022;13.6;2095.33959203001;;247;;13.6553459119497;2;10.85;1352.9;135
2022-09-05T00:00:00Z;21.6;13.2;30.4;2022-09-05;2022;15.7;2111.03959203001;;248;;13.6553459119497;2;11.8;1364.7;136
2022-09-06T00:00:00Z;21.2;15.6;30;2022-09-06;2022;15.3;2126.33959203001;;249;;13.6553459119497;2;12.8;1377.5;137
2022-09-07T00:00:00Z;20.7;16.2;27;2022-09-07;2022;14.8;2141.13959203001;;250;;13.6553459119497;2;11.6;1389.1;138
2022-09-08T00:00:00Z;18.3;15.2;22.8;2022-09-08;2022;12.4;2153.53959203001;;251;;13.6553459119497;2;9;1398.1;139
2022-09-09T00:00:00Z;16.3;13.4;22;2022-09-09;2022;10.4;2163.93959203001;;252;;13.6553459119497;2;7.7;1405.8;140
2022-09-10T00:00:00Z;16.3;13.3;21;2022-09-10;2022;10.4;2174.33959203001;;253;;13.6553459119497;2;7.15;1412.95;141
2022-09-11T00:00:00Z;18.5;13.4;25.1;2022-09-11;2022;12.6;2186.93959203001;;254;;13.6553459119497;2;9.25;1422.2;142
2022-09-12T00:00:00Z;17.6;11.4;25;2022-09-12;2022;11.7;2198.63959203001;;255;;13.6553459119497;2;8.2;1430.4;143
2022-09-13T00:00:00Z;16.7;12.9;20;2022-09-13;2022;10.8;2209.43959203001;;256;;13.6553459119497;2;6.45;1436.85;144
2022-09-14T00:00:00Z;18.4;17.3;21.1;2022-09-14;2022;12.5;2221.93959203001;;257;;13.6553459119497;2;9.2;1446.05;145
2022-09-15T00:00:00Z;16.6;14;20.3;2022-09-15;2022;10.7;2232.63959203001;;258;;13.6553459119497;2;7.15;1453.2;146
2022-09-16T00:00:00Z;13.7;9.7;17.7;2022-09-16;2022;7.8;2240.43959203001;;259;;13.6553459119497;2;3.7;1456.9;147
2022-09-17T00:00:00Z;11.6;9;17.3;2022-09-17;2022;5.7;2246.13959203001;;260;;13.6553459119497;2;3.15;1460.05;148
2022-09-18T00:00:00Z;12;7.6;14.7;2022-09-18;2022;6.1;2252.23959203001;;261;;13.6553459119497;2;1.15;1461.2;149
2022-09-19T00:00:00Z;11.8;7.9;17;2022-09-19;2022;5.9;2258.13959203001;;262;;13.6553459119497;2;2.45;1463.65;150
2022-09-20T00:00:00Z;11.3;7.3;15.6;2022-09-20;2022;5.4;2263.53959203001;;263;;13.6553459119497;2;1.45;1465.1;151
2022-09-21T00:00:00Z;11.5;6.4;18.2;2022-09-21;2022;5.6;2269.13959203001;;264;;13.6553459119497;2;2.3;1467.4;152
2022-09-22T00:00:00Z;11.5;5;18.9;2022-09-22;2022;6.07913669064748;2275.21872872066;;265;;13.6553459119497;2;1.95;1469.35;153
2022-09-23T00:00:00Z;11.7;5.6;18.8;2022-09-23;2022;6.30340909090909;2281.52213781157;;266;;13.6553459119497;2;2.2;1471.55;154
2022-09-24T00:00:00Z;12.6;7.6;18;2022-09-24;2022;6.7;2288.22213781157;;267;;13.6553459119497;2;2.8;1474.35;155
2022-09-25T00:00:00Z;12.4;7.5;15;2022-09-25;2022;6.5;2294.72213781157;;268;;13.6553459119497;2;1.25;1475.6;156
2022-09-26T00:00:00Z;10.8;6.6;14.4;2022-09-26;2022;4.9;2299.62213781157;;269;;13.6553459119497;2;0.5;1476.1;157
2022-09-27T00:00:00Z;10.4;7;13.1;2022-09-27;2022;4.5;2304.12213781157;;270;;13.6553459119497;2;0.050000000000001;1476.15;158
2022-09-28T00:00:00Z;10.3;6.2;14;2022-09-28;2022;4.4;2308.52213781157;;271;;13.6553459119497;2;0.1;1476.25;159
2022-09-29T00:00:00Z;8.3;4.4;14.2;2022-09-29;2022;3.51479591836735;2312.03693372994;;272;;13.6553459119497;2;0;1476.25;160
2022-09-30T00:00:00Z;9.5;3.5;17.3;2022-09-30;2022;4.70869565217391;2316.74562938211;;273;;13.6553459119497;2;0.4;1476.65;161
2022-10-01T00:00:00Z;12;6.5;17.6;2022-10-01;2022;6.1;2322.84562938211;;274;;13.6553459119497;2;2.05;1478.7;162
2022-10-02T00:00:00Z;12.6;9.8;15;2022-10-02;2022;6.7;2329.54562938211;;275;;13.6553459119497;2;2.4;1481.1;163
2022-10-03T00:00:00Z;10.9;7;15.6;2022-10-03;2022;5;2334.54562938211;;276;;13.6553459119497;2;1.3;1482.4;164
2022-10-04T00:00:00Z;10.4;5.7;17.4;2022-10-04;2022;5.6517094017094;2340.19733878382;;277;;13.6553459119497;2;1.55;1483.95;165
2022-10-05T00:00:00Z;13.4;7.6;20.3;2022-10-05;2022;7.5;2347.69733878382;;278;;13.6553459119497;2;3.95;1487.9;166
2022-10-06T00:00:00Z;14.1;7.1;19.1;2022-10-06;2022;8.2;2355.89733878382;;279;;13.6553459119497;2;3.1;1491;167
2022-10-07T00:00:00Z;11.2;4.6;18.9;2022-10-07;2022;5.90909090909091;2361.80642969291;;280;;13.6553459119497;2;1.75;1492.75;168
2022-10-08T00:00:00Z;11.8;6.7;18;2022-10-08;2022;5.9;2367.70642969291;;281;;13.6553459119497;2;2.35;1495.1;169
2022-10-09T00:00:00Z;10.1;3.6;17.3;2022-10-09;2022;4.74306569343066;2372.44949538634;;282;;13.6553459119497;2;0.450000000000001;1495.55;170
2022-10-10T00:00:00Z;11.9;4.3;20.8;2022-10-10;2022;6.72757575757576;2379.17707114392;;283;;13.6553459119497;2;2.55;1498.1;171
2022-10-11T00:00:00Z;11.5;6.2;16.6;2022-10-11;2022;5.6;2384.77707114392;;284;;13.6553459119497;2;1.4;1499.5;172
2022-10-12T00:00:00Z;10;4.2;16.8;2022-10-12;2022;4.71468253968254;2389.4917536836;;285;;13.6553459119497;2;0.5;1500;173
2022-10-13T00:00:00Z;11.3;7.5;14.9;2022-10-13;2022;5.4;2394.8917536836;;286;;13.6553459119497;2;1.2;1501.2;174
2022-10-14T00:00:00Z;13.8;12.4;15.1;2022-10-14;2022;7.9;2402.7917536836;;287;;13.6553459119497;2;3.75;1504.95;175
2022-10-15T00:00:00Z;15.4;13.2;18.9;2022-10-15;2022;9.5;2412.2917536836;;288;;13.6553459119497;2;6.05;1511;176
2022-10-16T00:00:00Z;15.5;12.5;19;2022-10-16;2022;9.6;2421.8917536836;;289;;13.6553459119497;2;5.75;1516.75;177
2022-10-17T00:00:00Z;16.4;11.7;23.5;2022-10-17;2022;10.5;2432.3917536836;;290;;13.6553459119497;2;7.6;1524.35;178
2022-10-18T00:00:00Z;16.6;13.7;20.5;2022-10-18;2022;10.7;2443.0917536836;;291;;13.6553459119497;2;7.1;1531.45;179
2022-10-19T00:00:00Z;13.9;11.5;16.7;2022-10-19;2022;8;2451.0917536836;;292;;13.6553459119497;2;4.1;1535.55;180
2022-10-20T00:00:00Z;11.7;9.9;13.4;2022-10-20;2022;5.8;2456.8917536836;;293;;13.6553459119497;2;1.65;1537.2;181
2022-10-21T00:00:00Z;15;13.3;17.8;2022-10-21;2022;9.1;2465.9917536836;;294;;13.6553459119497;2;5.55;1542.75;182
2022-10-22T00:00:00Z;15.3;10.5;20.6;2022-10-22;2022;9.4;2475.3917536836;;295;;13.6553459119497;2;5.55;1548.3;183
2022-10-23T00:00:00Z;13.1;9.2;17.4;2022-10-23;2022;7.2;2482.5917536836;;296;;13.6553459119497;2;3.3;1551.6;184
2022-10-24T00:00:00Z;14.5;10.8;20.9;2022-10-24;2022;8.6;2491.1917536836;;297;;13.6553459119497;2;5.85;1557.45;185
2022-10-25T00:00:00Z;13.2;10;18.8;2022-10-25;2022;7.3;2498.4917536836;;298;;13.6553459119497;2;4.4;1561.85;186
2022-10-26T00:00:00Z;14.1;10.8;21;2022-10-26;2022;8.2;2506.6917536836;;299;;13.6553459119497;2;5.9;1567.75;187
2022-10-27T00:00:00Z;12.8;8.7;17.9;2022-10-27;2022;6.9;2513.5917536836;;300;;13.6553459119497;2;3.3;1571.05;188
2022-10-28T00:00:00Z;15.3;11.5;21.4;2022-10-28;2022;9.4;2522.9917536836;;301;;13.6553459119497;2;6.45;1577.5;189
2022-10-29T00:00:00Z;14.2;11.2;18.8;2022-10-29;2022;8.3;2531.2917536836;;302;;13.6553459119497;2;5;1582.5;190
2022-10-30T00:00:00Z;13.5;10;20.3;2022-10-30;2022;7.6;2538.8917536836;;303;;13.6553459119497;2;5.15;1587.65;191
2022-10-31T00:00:00Z;12.4;8.6;17.3;2022-10-31;2022;6.5;2545.3917536836;;304;;13.6553459119497;2;2.95;1590.6;192
2022-11-01T00:00:00Z;12.2;6.5;17.8;2022-11-01;2022;6.3;2551.6917536836;;305;;13.6553459119497;2;2.15;1592.75;193
2022-11-02T00:00:00Z;10;6.2;16.3;2022-11-02;2022;4.1;2555.7917536836;;306;;13.6553459119497;2;1.25;1594;194
2022-11-03T00:00:00Z;8.6;4.5;11.3;2022-11-03;2022;2.14411764705882;2557.93587133066;;307;;13.6553459119497;2;0;1594;195
2022-11-04T00:00:00Z;10.1;7.5;12.8;2022-11-04;2022;4.2;2562.13587133066;;308;;13.6553459119497;2;0.15;1594.15;196
2022-11-05T00:00:00Z;8.6;5;12.5;2022-11-05;2022;2.904;2565.03987133066;;309;;13.6553459119497;2;0;1594.15;197
2022-11-06T00:00:00Z;7.1;4.3;9.5;2022-11-06;2022;1.24615384615385;2566.28602517681;;310;;13.6553459119497;2;0;1594.15;198
2022-11-07T00:00:00Z;11.1;7.4;13.6;2022-11-07;2022;5.2;2571.48602517681;;311;;13.6553459119497;2;0.5;1594.65;199
2022-11-08T00:00:00Z;9.4;6;13.9;2022-11-08;2022;3.5;2574.98602517681;;312;;13.6553459119497;2;0;1594.65;200
2022-11-09T00:00:00Z;12.1;8.4;15.7;2022-11-09;2022;6.2;2581.18602517681;;313;;13.6553459119497;2;2.05;1596.7;201
2022-11-10T00:00:00Z;8.8;4.5;14.1;2022-11-10;2022;3.50208333333333;2584.68810851015;;314;;13.6553459119497;2;0;1596.7;202
2022-11-11T00:00:00Z;6.1;4.2;7.7;2022-11-11;2022;0.462857142857143;2585.150965653;;315;;13.6553459119497;2;0;1596.7;203
2022-11-12T00:00:00Z;6.2;5;7;2022-11-12;2022;0.3025;2585.453465653;;316;;13.6553459119497;2;0;1596.7;204
2022-11-13T00:00:00Z;6.9;3.5;13.5;2022-11-13;2022;2.888;2588.341465653;;317;;13.6553459119497;2;0;1596.7;205
2022-11-14T00:00:00Z;6.5;2.6;9.1;2022-11-14;2022;0.787692307692307;2589.12915796069;;318;;13.6553459119497;2;0;1596.7;206
2022-11-15T00:00:00Z;10.4;7.9;12.8;2022-11-15;2022;4.5;2593.62915796069;;319;;13.6553459119497;2;0.350000000000001;1597.05;207
2022-11-16T00:00:00Z;11.1;8.9;13.8;2022-11-16;2022;5.2;2598.82915796069;;320;;13.6553459119497;2;1.35;1598.4;208
2022-11-17T00:00:00Z;10;7;14.3;2022-11-17;2022;4.1;2602.92915796069;;321;;13.6553459119497;2;0.65;1599.05;209
2022-11-18T00:00:00Z;8.8;6.5;12.7;2022-11-18;2022;2.9;2605.82915796069;;322;;13.6553459119497;2;0;1599.05;210
2022-11-19T00:00:00Z;3.4;1.4;7.3;2022-11-19;2022;0.166101694915254;2605.99525965561;;323;;13.6553459119497;2;0;1599.05;211
2022-11-20T00:00:00Z;3.9;1.7;6.8;2022-11-20;2022;0.079411764705882;2606.07467142032;;324;;13.6553459119497;2;0;1599.05;212
2022-11-21T00:00:00Z;6.8;4.3;9.8;2022-11-21;2022;1.38272727272727;2607.45739869304;;325;;13.6553459119497;2;0;1599.05;213
2022-11-22T00:00:00Z;6.6;4.2;8.3;2022-11-22;2022;0.702439024390244;2608.15983771743;;326;;13.6553459119497;2;0;1599.05;214
2022-11-23T00:00:00Z;7.7;5.4;10.9;2022-11-23;2022;2.27272727272727;2610.43256499016;;327;;13.6553459119497;2;0;1599.05;215
2022-11-24T00:00:00Z;7.8;3.1;12.2;2022-11-24;2022;2.18076923076923;2612.61333422093;;328;;13.6553459119497;2;0;1599.05;216
2022-11-25T00:00:00Z;6.3;3.5;10.1;2022-11-25;2022;1.33636363636364;2613.94969785729;;329;;13.6553459119497;2;0;1599.05;217
2022-11-26T00:00:00Z;5.2;2;7.6;2022-11-26;2022;0.258035714285714;2614.20773357158;;330;;13.6553459119497;2;0;1599.05;218
2022-11-27T00:00:00Z;5.5;4.5;6;2022-11-27;2022;0.003333333333333;2614.21106690491;;331;;13.6553459119497;2;0;1599.05;219
2022-11-28T00:00:00Z;5.2;3.9;6.1;2022-11-28;2022;0.009090909090909;2614.220157814;;332;;13.6553459119497;2;0;1599.05;220
2022-11-29T00:00:00Z;7;5.8;9.3;2022-11-29;2022;1.65142857142857;2615.87158638543;;333;;13.6553459119497;2;0;1599.05;221
2022-11-30T00:00:00Z;7.3;6.1;9.2;2022-11-30;2022;1.4;2617.27158638543;;334;;13.6553459119497;2;0;1599.05;222
2022-12-01T00:00:00Z;4.2;2.8;6.2;2022-12-01;2022;0.013235294117647;2617.28482167955;;335;;13.6553459119497;2;0;1599.05;223
2022-12-02T00:00:00Z;3.1;1.7;4.1;2022-12-02;2022;0;2617.28482167955;;336;;13.6553459119497;2;0;1599.05;224
2022-12-03T00:00:00Z;2.4;1.6;3.1;2022-12-03;2022;0;2617.28482167955;;337;;13.6553459119497;2;0;1599.05;225
2022-12-04T00:00:00Z;2.5;1.4;3.5;2022-12-04;2022;0;2617.28482167955;;338;;13.6553459119497;2;0;1599.05;226
2022-12-05T00:00:00Z;3.3;1.3;4.6;2022-12-05;2022;0;2617.28482167955;;339;;13.6553459119497;2;0;1599.05;227
2022-12-06T00:00:00Z;3.8;1.3;5;2022-12-06;2022;0;2617.28482167955;;340;;13.6553459119497;2;0;1599.05;228
2022-12-07T00:00:00Z;4.2;2.2;7.2;2022-12-07;2022;0.169;2617.45382167955;;341;;13.6553459119497;2;0;1599.05;229
2022-12-08T00:00:00Z;3.6;2.1;6.6;2022-12-08;2022;0.054444444444444;2617.50826612399;;342;;13.6553459119497;2;0;1599.05;230
2022-12-09T00:00:00Z;2.1;0.8;4.8;2022-12-09;2022;0;2617.50826612399;;343;;13.6553459119497;2;0;1599.05;231
2022-12-10T00:00:00Z;-0.4;-3;2.3;2022-12-10;2022;0;2617.50826612399;;344;;13.6553459119497;2;0;1599.05;232
2022-12-11T00:00:00Z;-1.1;-2.9;0.1;2022-12-11;2022;0;2617.50826612399;;345;;13.6553459119497;2;0;1599.05;233
2022-12-12T00:00:00Z;-0.5;-3.4;1.3;2022-12-12;2022;0;2617.50826612399;;346;;13.6553459119497;2;0;1599.05;234
2022-12-13T00:00:00Z;-3.2;-6;-0.8;2022-12-13;2022;0;2617.50826612399;;347;;13.6553459119497;2;0;1599.05;235
2022-12-14T00:00:00Z;-2.2;-3.8;-1.3;2022-12-14;2022;0;2617.50826612399;;348;;13.6553459119497;2;0;1599.05;236
2022-12-15T00:00:00Z;-3.7;-5.4;-2.4;2022-12-15;2022;0;2617.50826612399;;349;;13.6553459119497;2;0;1599.05;237
2022-12-16T00:00:00Z;-3.1;-6.1;0.2;2022-12-16;2022;0;2617.50826612399;;350;;13.6553459119497;2;0;1599.05;238
2022-12-17T00:00:00Z;-7.4;-10.4;-5.9;2022-12-17;2022;0;2617.50826612399;;351;;13.6553459119497;2;0;1599.05;239
2022-12-18T00:00:00Z;-6;-8.6;-2.6;2022-12-18;2022;0;2617.50826612399;;352;;13.6553459119497;2;0;1599.05;240
2022-12-19T00:00:00Z;-0.6;-2.6;0.8;2022-12-19;2022;0;2617.50826612399;;353;;13.6553459119497;2;0;1599.05;241
2022-12-20T00:00:00Z;2.2;0.3;5.1;2022-12-20;2022;0;2617.50826612399;;354;;13.6553459119497;2;0;1599.05;242
2022-12-21T00:00:00Z;6.9;3.6;12.2;2022-12-21;2022;2.30755813953488;2619.81582426353;;355;;13.6553459119497;2;0;1599.05;243
2022-12-22T00:00:00Z;9.7;7.5;11.9;2022-12-22;2022;3.8;2623.61582426353;;356;;13.6553459119497;2;0;1599.05;244
2022-12-23T00:00:00Z;9.2;6.3;13.2;2022-12-23;2022;3.3;2626.91582426353;;357;;13.6553459119497;2;0;1599.05;245
2022-12-24T00:00:00Z;10.2;8.2;12.3;2022-12-24;2022;4.3;2631.21582426353;;358;;13.6553459119497;2;0.25;1599.3;246
2022-12-25T00:00:00Z;8.9;6.5;11.5;2022-12-25;2022;3;2634.21582426353;;359;;13.6553459119497;2;0;1599.3;247
2022-12-26T00:00:00Z;8.9;3.2;12.3;2022-12-26;2022;2.25054945054945;2636.46637371408;;360;;13.6553459119497;2;0;1599.3;248
2022-12-27T00:00:00Z;3.5;0.6;7.1;2022-12-27;2022;0.110769230769231;2636.57714294485;;361;;13.6553459119497;2;0;1599.3;249
2022-12-28T00:00:00Z;6.9;2.5;10.4;2022-12-28;2022;1.28164556962025;2637.85878851447;;362;;13.6553459119497;2;0;1599.3;250
2022-12-29T00:00:00Z;10.2;6.2;13.3;2022-12-29;2022;4.3;2642.15878851447;;363;;13.6553459119497;2;0;1599.3;251
2022-12-30T00:00:00Z;6.9;2.9;12.5;2022-12-30;2022;2.26875;2644.42753851447;;364;;13.6553459119497;2;0;1599.3;252
2022-12-31T00:00:00Z;14.3;10.1;16.7;2022-12-31;2022;8.4;2652.82753851447;;365;;13.6553459119497;2;3.4;1602.7;253
2023-01-01T00:00:00Z;11.3;8.3;14.4;2023-01-01;2023;5.4;;;1;;12.8508620689655;1;1.35;0;
2023-01-02T00:00:00Z;9.2;6.6;12.4;2023-01-02;2023;3.3;;;2;;12.8508620689655;1;0;0;
2023-01-03T00:00:00Z;5.4;2.7;8.6;2023-01-03;2023;0.617796610169491;;;3;;12.8508620689655;1;0;0;
2023-01-04T00:00:00Z;8.9;5.5;12;2023-01-04;2023;2.86230769230769;;;4;;12.8508620689655;1;0;0;
2023-01-05T00:00:00Z;10.9;9.3;12.7;2023-01-05;2023;5;;;5;;12.8508620689655;1;1;0;
2023-01-06T00:00:00Z;10.4;9.2;12.7;2023-01-06;2023;4.5;;;6;;12.8508620689655;1;0.949999999999999;0;
2023-01-07T00:00:00Z;9;6.6;10.7;2023-01-07;2023;3.1;;;7;;12.8508620689655;1;0;0;
2023-01-08T00:00:00Z;9;6.9;10.5;2023-01-08;2023;3.1;;;8;;12.8508620689655;1;0;0;
2023-01-09T00:00:00Z;7.1;5.7;8.6;2023-01-09;2023;1.25689655172414;;;9;;12.8508620689655;1;0;0;
2023-01-10T00:00:00Z;6.2;4.4;8;2023-01-10;2023;0.6125;;;10;;12.8508620689655;1;0;0;
2023-01-11T00:00:00Z;8.1;5.8;11.1;2023-01-11;2023;2.55094339622641;;;11;;12.8508620689655;1;0;0;
2023-01-12T00:00:00Z;9.4;7.9;11.3;2023-01-12;2023;3.5;;;12;;12.8508620689655;1;0;0;
2023-01-13T00:00:00Z;8.9;6.5;10.4;2023-01-13;2023;3;;;13;;12.8508620689655;1;0;0;
2023-01-14T00:00:00Z;8;4.8;10.8;2023-01-14;2023;2.00083333333333;;;14;;12.8508620689655;1;0;0;
2023-01-15T00:00:00Z;6.2;4.1;10.8;2023-01-15;2023;1.79179104477612;;;15;;12.8508620689655;1;0;0;
2023-01-16T00:00:00Z;4.7;3.1;6.1;2023-01-16;2023;0.006666666666667;;;16;;12.8508620689655;1;0;0;
2023-01-17T00:00:00Z;2.5;-0.2;5.5;2023-01-17;2023;0;;;17;;12.8508620689655;1;0;0;
2023-01-18T00:00:00Z;0.3;-2.8;3.4;2023-01-18;2023;0;;;18;;12.8508620689655;1;0;0;
2023-01-19T00:00:00Z;0.3;-3.5;3.8;2023-01-19;2023;0;;;19;;12.8508620689655;1;0;0;
2023-01-20T00:00:00Z;0;-2.7;3.5;2023-01-20;2023;0;;;20;;12.8508620689655;1;0;0;
2023-01-21T00:00:00Z;-0.3;-2.9;0.9;2023-01-21;2023;0;;;21;;12.8508620689655;1;0;0;
2023-01-22T00:00:00Z;1.5;-0.2;2.3;2023-01-22;2023;0;;;22;;12.8508620689655;1;0;0;
2023-01-23T00:00:00Z;2.1;-0.2;4.2;2023-01-23;2023;0;;;23;;12.8508620689655;1;0;0;
2023-01-24T00:00:00Z;1.8;-0.3;2.7;2023-01-24;2023;0;;;24;;12.8508620689655;1;0;0;
2023-01-25T00:00:00Z;0.9;-0.6;2;2023-01-25;2023;0;;;25;;12.8508620689655;1;0;0;
2023-01-26T00:00:00Z;-0.2;-1;0.8;2023-01-26;2023;0;;;26;;12.8508620689655;1;0;0;
2023-01-27T00:00:00Z;2.8;0.7;4.4;2023-01-27;2023;0;;;27;;12.8508620689655;1;0;0;
2023-01-28T00:00:00Z;1.9;-0.1;3.4;2023-01-28;2023;0;;;28;;12.8508620689655;1;0;0;
2023-01-29T00:00:00Z;-0.3;-2.6;2.4;2023-01-29;2023;0;;;29;;12.8508620689655;1;0;0;
2023-01-30T00:00:00Z;4.2;0.8;7.7;2023-01-30;2023;0.234782608695652;;;30;;12.8508620689655;1;0;0;
2023-01-31T00:00:00Z;4;0.3;6.9;2023-01-31;2023;0.075757575757576;;;31;;12.8508620689655;1;0;0;
2023-02-01T00:00:00Z;6.7;4.9;8.3;2023-02-01;2023;0.847058823529412;;;32;;12.8508620689655;1;0;0;
2023-02-02T00:00:00Z;8.3;6.7;9.8;2023-02-02;2023;2.4;;;33;;12.8508620689655;1;0;0;
2023-02-03T00:00:00Z;8.9;7.4;10.3;2023-02-03;2023;3;;;34;;12.8508620689655;1;0;0;
2023-02-04T00:00:00Z;7.3;3.1;9.9;2023-02-04;2023;1.17647058823529;;;35;;12.8508620689655;1;0;0;
2023-02-05T00:00:00Z;4.7;3;7.9;2023-02-05;2023;0.408163265306122;;;36;;12.8508620689655;1;0;0;
2023-02-06T00:00:00Z;4.1;1;7.3;2023-02-06;2023;0.155555555555555;;;37;;12.8508620689655;1;0;0;
2023-02-07T00:00:00Z;1.1;-2.8;4.5;2023-02-07;2023;0;;;38;;12.8508620689655;1;0;0;
2023-02-08T00:00:00Z;-0.1;-4.5;4.7;2023-02-08;2023;0;;;39;;12.8508620689655;1;0;0;
2023-02-09T00:00:00Z;-1.4;-5.8;3.7;2023-02-09;2023;0;;;40;;12.8508620689655;1;0;0;
2023-02-10T00:00:00Z;0.9;-3.5;6.4;2023-02-10;2023;0.012626262626263;;;41;;12.8508620689655;1;0;0;
2023-02-11T00:00:00Z;4.5;0.5;7.8;2023-02-11;2023;0.247260273972603;;;42;;12.8508620689655;1;0;0;
2023-02-12T00:00:00Z;6.4;3.8;9.2;2023-02-12;2023;1.00833333333333;;;43;;12.8508620689655;1;0;0;
2023-02-13T00:00:00Z;5.5;0.3;11.6;2023-02-13;2023;1.43761061946903;;;44;;12.8508620689655;1;0;0;
2023-02-14T00:00:00Z;0.8;-1.9;1.9;2023-02-14;2023;0;;;45;;12.8508620689655;1;0;0;
2023-02-15T00:00:00Z;1.5;0.3;2.8;2023-02-15;2023;0;;;46;;12.8508620689655;1;0;0;
2023-02-16T00:00:00Z;1.9;-0.2;4.6;2023-02-16;2023;0;;;47;;12.8508620689655;1;0;0;
2023-02-17T00:00:00Z;11;3.8;14.3;2023-02-17;2023;3.36;;;48;;12.8508620689655;1;0;0;
2023-02-18T00:00:00Z;11.3;10.1;12.9;2023-02-18;2023;5.4;;;49;;12.8508620689655;1;1.5;0;
2023-02-19T00:00:00Z;10.1;6.8;12.7;2023-02-19;2023;4.2;;;50;;12.8508620689655;1;0;0;
2023-02-20T00:00:00Z;8.8;3.2;15.3;2023-02-20;2023;3.65123966942149;;;51;;12.8508620689655;1;0;0;
2023-02-21T00:00:00Z;8.2;2.6;15.8;2023-02-21;2023;3.7125;;;52;;12.8508620689655;1;0;0;
2023-02-22T00:00:00Z;5.9;1.8;10.9;2023-02-22;2023;1.37362637362637;;;53;;12.8508620689655;1;0;0;
2023-02-23T00:00:00Z;9;6.7;11.9;2023-02-23;2023;3.1;;;54;;12.8508620689655;1;0;0;
2023-02-24T00:00:00Z;7.3;3.9;10.6;2023-02-24;2023;1.64850746268657;;;55;;12.8508620689655;1;0;0;
2023-02-25T00:00:00Z;3.6;-1;7.1;2023-02-25;2023;0.088888888888889;;;56;;12.8508620689655;1;0;0;
2023-02-26T00:00:00Z;1.1;-1.8;4;2023-02-26;2023;0;;;57;;12.8508620689655;1;0;0;
2023-02-27T00:00:00Z;1.9;-0.6;6;2023-02-27;2023;0.000757575757576;;;58;;12.8508620689655;1;0;0;
2023-02-28T00:00:00Z;1.9;-1.3;5.9;2023-02-28;2023;0;;;59;;12.8508620689655;1;0;0;
2023-03-01T00:00:00Z;3.3;-1.9;9.4;2023-03-01;2023;0.542035398230089;0.542035398230089;;60;;12.8508620689655;1;0;0;
2023-03-02T00:00:00Z;5.6;-0.1;12.4;2023-03-02;2023;1.69;2.23203539823009;;61;;12.8508620689655;1;0;0;
2023-03-03T00:00:00Z;3.2;-0.1;9.3;2023-03-03;2023;0.614893617021277;2.84692901525137;;62;;12.8508620689655;1;0;0;
2023-03-04T00:00:00Z;3.4;-0.9;6.3;2023-03-04;2023;0.011111111111111;2.85804012636248;;63;;12.8508620689655;1;0;0;
2023-03-05T00:00:00Z;4.4;3.2;5.5;2023-03-05;2023;0;2.85804012636248;;64;;12.8508620689655;1;0;0;
2023-03-06T00:00:00Z;3.9;1;7.8;2023-03-06;2023;0.265441176470588;3.12348130283306;;65;;12.8508620689655;1;0;0;
2023-03-07T00:00:00Z;5.2;2.8;8.4;2023-03-07;2023;0.558035714285714;3.68151701711878;;66;;12.8508620689655;1;0;0;
2023-03-08T00:00:00Z;3.6;0.5;6.9;2023-03-08;2023;0.078125;3.75964201711878;;67;;12.8508620689655;1;0;0;
2023-03-09T00:00:00Z;10.6;5.9;14.3;2023-03-09;2023;4.7;8.45964201711878;;68;;12.8508620689655;1;0.100000000000001;0;
2023-03-10T00:00:00Z;8.6;1.7;12.1;2023-03-10;2023;1.84807692307692;10.3077189401957;;69;;12.8508620689655;1;0;0;
2023-03-11T00:00:00Z;2;-1.6;5.5;2023-03-11;2023;0;10.3077189401957;;70;;12.8508620689655;1;0;0;
2023-03-12T00:00:00Z;3.6;-1.4;10.2;2023-03-12;2023;0.796982758620689;11.1047016988164;;71;;12.8508620689655;1;0;0;
2023-03-13T00:00:00Z;11.9;8.7;17.8;2023-03-13;2023;6;17.1047016988164;;72;;12.8508620689655;1;3.25;0;
2023-03-14T00:00:00Z;8.3;2;12.1;2023-03-14;2023;1.9029702970297;19.0076719958461;;73;;12.8508620689655;1;0;0;
2023-03-15T00:00:00Z;3.1;-0.3;8.1;2023-03-15;2023;0.288095238095238;19.2957672339413;;74;;12.8508620689655;1;0;0;
2023-03-16T00:00:00Z;5;-0.9;11;2023-03-16;2023;1.09285714285714;20.3886243767985;;75;;12.8508620689655;1;0;0;
2023-03-17T00:00:00Z;8.4;1.7;13.4;2023-03-17;2023;2.40384615384615;22.7924705306446;;76;;12.8508620689655;1;0;0;
2023-03-18T00:00:00Z;11.6;6.5;18.4;2023-03-18;2023;5.7;28.4924705306446;;77;;12.8508620689655;1;2.45;0;
2023-03-19T00:00:00Z;10;6.7;13.6;2023-03-19;2023;4.1;32.5924705306446;;78;;12.8508620689655;1;0.15;0;
2023-03-20T00:00:00Z;10;7.7;13.2;2023-03-20;2023;4.1;36.6924705306446;;79;;12.8508620689655;1;0.449999999999999;0;
2023-03-21T00:00:00Z;8.9;5.9;10.8;2023-03-21;2023;3;39.6924705306446;;80;;12.8508620689655;1;0;0;
2023-03-22T00:00:00Z;10.7;3.1;16.6;2023-03-22;2023;4.24037037037037;43.932840901015;;81;;12.8508620689655;1;0;0;
2023-03-23T00:00:00Z;13.3;11.3;15;2023-03-23;2023;7.4;51.332840901015;;82;;12.8508620689655;1;3.15;0;
2023-03-24T00:00:00Z;12.6;7.7;17.2;2023-03-24;2023;6.7;58.032840901015;;83;;12.8508620689655;1;2.45;0;
2023-03-25T00:00:00Z;10;6.7;14.8;2023-03-25;2023;4.1;62.132840901015;;84;;12.8508620689655;1;0.75;0;
2023-03-26T00:00:00Z;8.2;5.7;13.6;2023-03-26;2023;3.75253164556962;65.8853725465846;;85;;12.8508620689655;1;0;0;
2023-03-27T00:00:00Z;4.4;0.9;9.1;2023-03-27;2023;0.624390243902439;66.5097627904871;;86;;12.8508620689655;1;0;0;
2023-03-28T00:00:00Z;4.8;-1;10.1;2023-03-28;2023;0.794594594594594;67.3043573850817;;87;;12.8508620689655;1;0;0;
2023-03-29T00:00:00Z;10.5;5.7;17.2;2023-03-29;2023;5.55173913043478;72.8560965155164;;88;;12.8508620689655;1;1.45;0;
2023-03-30T00:00:00Z;12.8;9.3;18;2023-03-30;2023;6.9;79.7560965155164;;89;;12.8508620689655;1;3.65;0;
2023-03-31T00:00:00Z;10.9;8.8;14.7;2023-03-31;2023;5;84.7560965155164;;90;;12.8508620689655;1;1.75;0;
2023-04-01T00:00:00Z;10.7;9.2;13.1;2023-04-01;2023;4.8;89.5560965155164;;91;;12.8508620689655;1;1.15;0;
2023-04-02T00:00:00Z;7.4;3.8;9.6;2023-04-02;2023;1.1801724137931;90.7362689293095;;92;;12.8508620689655;1;0;0;
2023-04-03T00:00:00Z;5.4;1.6;9.2;2023-04-03;2023;0.716447368421052;91.4527162977306;;93;;12.8508620689655;1;0;0;
2023-04-04T00:00:00Z;4.2;-0.1;9.4;2023-04-04;2023;0.644736842105263;92.0974531398359;;94;;12.8508620689655;1;0;0;
2023-04-05T00:00:00Z;4.7;-1.4;10.6;2023-04-05;2023;0.920416666666666;93.0178698065025;;95;;12.8508620689655;1;0;0;
2023-04-06T00:00:00Z;6.2;-1.1;13.4;2023-04-06;2023;1.93965517241379;94.9575249789163;;96;;12.8508620689655;1;0;0;
2023-04-07T00:00:00Z;8.4;6.6;11.2;2023-04-07;2023;2.5;97.4575249789163;;97;;12.8508620689655;1;0;0;
2023-04-08T00:00:00Z;9.9;7.2;12.6;2023-04-08;2023;4;101.457524978916;;98;;12.8508620689655;1;0;0;
2023-04-09T00:00:00Z;9.4;4.3;14.5;2023-04-09;2023;3.62549019607843;105.083015174995;;99;;12.8508620689655;1;0;0;
2023-04-10T00:00:00Z;11.1;3.2;17.2;2023-04-10;2023;4.56035714285714;109.643372317852;;100;;12.8508620689655;1;0.199999999999999;0;
2023-04-11T00:00:00Z;11.1;7.3;14.9;2023-04-11;2023;5.2;114.843372317852;;101;;12.8508620689655;1;1.1;0;
2023-04-12T00:00:00Z;9;3.5;14.5;2023-04-12;2023;3.36181818181818;118.20519049967;;102;;12.8508620689655;1;0;0;
2023-04-13T00:00:00Z;8;3.6;12.7;2023-04-13;2023;2.54065934065934;120.745849840329;;103;;12.8508620689655;1;0;0;
2023-04-14T00:00:00Z;8.5;2.3;15.3;2023-04-14;2023;3.39846153846154;124.144311378791;;104;;12.8508620689655;1;0;0;
2023-04-15T00:00:00Z;8.5;2.1;15;2023-04-15;2023;3.20968992248062;127.354001301272;;105;;12.8508620689655;1;0;0;
2023-04-16T00:00:00Z;9.9;7.7;14;2023-04-16;2023;4;131.354001301272;;106;;12.8508620689655;1;0.85;0;
2023-04-17T00:00:00Z;11.2;8.3;14.1;2023-04-17;2023;5.3;136.654001301272;;107;;12.8508620689655;1;1.2;0;
2023-04-18T00:00:00Z;10.5;4.5;16;2023-04-18;2023;4.43521739130435;141.089218692576;;108;;12.8508620689655;1;0.25;0;
2023-04-19T00:00:00Z;11.6;6.1;16.1;2023-04-19;2023;5.7;146.789218692576;;109;;12.8508620689655;1;1.1;0;
2023-04-20T00:00:00Z;7.7;3;12.5;2023-04-20;2023;2.29263157894737;149.081850271523;;110;;12.8508620689655;1;0;0;
2023-04-21T00:00:00Z;10.1;3.8;17.6;2023-04-21;2023;4.95978260869565;154.041632880219;;111;;12.8508620689655;1;0.700000000000001;0;
2023-04-22T00:00:00Z;14.1;8.2;21.7;2023-04-22;2023;8.2;162.241632880219;1;112;116;12.8508620689655;1;4.95;0;
2023-04-23T00:00:00Z;13.3;10.2;17.9;2023-04-23;2023;7.4;169.641632880219;1;113;116;12.8508620689655;1;4.05;0;
2023-04-24T00:00:00Z;10.7;7.4;14.1;2023-04-24;2023;4.8;174.441632880219;1;114;116;12.8508620689655;1;0.75;0;
2023-04-25T00:00:00Z;8;3.2;11.7;2023-04-25;2023;1.97882352941176;176.420456409631;1;115;116;12.8508620689655;1;0;0;
2023-04-26T00:00:00Z;7.6;1.1;13.4;2023-04-26;2023;2.28658536585366;178.707041775484;1;116;116;12.8508620689655;1;0;0;
2023-04-27T00:00:00Z;10.7;3.4;17.4;2023-04-27;2023;4.72321428571429;183.430256061199;1;117;116;12.8508620689655;1;0.399999999999999;0.399999999999999;1
2023-04-28T00:00:00Z;12.7;9.6;18.6;2023-04-28;2023;6.8;190.230256061199;1;118;116;12.8508620689655;1;4.1;4.5;2
2023-04-29T00:00:00Z;11.9;9.8;15.2;2023-04-29;2023;6;196.230256061199;1;119;116;12.8508620689655;1;2.5;7;3
2023-04-30T00:00:00Z;14.4;9.8;19.3;2023-04-30;2023;8.5;204.730256061199;1;120;116;12.8508620689655;1;4.55;11.55;4
2023-05-01T00:00:00Z;14;9;20.1;2023-05-01;2023;8.1;212.830256061199;;121;;12.8508620689655;1;4.55;16.1;5
2023-05-02T00:00:00Z;12.6;6.4;17.8;2023-05-02;2023;6.7;219.530256061199;;122;;12.8508620689655;1;2.1;18.2;6
2023-05-03T00:00:00Z;11.7;3;18.5;2023-05-03;2023;5.12129032258065;224.651546383779;;123;;12.8508620689655;1;0.75;18.95;7
2023-05-04T00:00:00Z;15;5.9;23.2;2023-05-04;2023;9.1;233.751546383779;;124;;12.8508620689655;1;4.55;23.5;8
2023-05-05T00:00:00Z;16.9;11.1;24.6;2023-05-05;2023;11;244.751546383779;;125;;12.8508620689655;1;7.85;31.35;9
2023-05-06T00:00:00Z;15.8;9.4;21.3;2023-05-06;2023;9.9;254.651546383779;;126;;12.8508620689655;1;5.35;36.7;10
2023-05-07T00:00:00Z;16.9;12.3;24.2;2023-05-07;2023;11;265.651546383779;;127;;12.8508620689655;1;8.25;44.95;11
2023-05-08T00:00:00Z;14.9;13;17.7;2023-05-08;2023;9;274.651546383779;;128;;12.8508620689655;1;5.35;50.3;12
2023-05-09T00:00:00Z;15.6;12.8;19;2023-05-09;2023;9.7;284.351546383779;;129;;12.8508620689655;1;5.9;56.2;13
2023-05-10T00:00:00Z;14.7;10.4;18.5;2023-05-10;2023;8.8;293.151546383779;;130;;12.8508620689655;1;4.45;60.65;14
2023-05-11T00:00:00Z;12.4;8.3;16.3;2023-05-11;2023;6.5;299.651546383779;;131;;12.8508620689655;1;2.3;62.95;15
2023-05-12T00:00:00Z;13.6;10.3;17.5;2023-05-12;2023;7.7;307.351546383779;;132;;12.8508620689655;1;3.9;66.85;16
2023-05-13T00:00:00Z;15.2;9.9;21.4;2023-05-13;2023;9.3;316.651546383779;;133;;12.8508620689655;1;5.65;72.5;17
2023-05-14T00:00:00Z;14.7;9.3;20.1;2023-05-14;2023;8.8;325.451546383779;;134;;12.8508620689655;1;4.7;77.2;18
2023-05-15T00:00:00Z;15.5;10.9;21.1;2023-05-15;2023;9.6;335.051546383779;;135;;12.8508620689655;1;6;83.2;19
2023-05-16T00:00:00Z;12.1;8.2;16.5;2023-05-16;2023;6.2;341.251546383779;;136;;12.8508620689655;1;2.35;85.55;20
2023-05-17T00:00:00Z;12.1;6.7;17.9;2023-05-17;2023;6.2;347.451546383779;;137;;12.8508620689655;1;2.3;87.85;21
2023-05-18T00:00:00Z;13;5.9;19;2023-05-18;2023;7.1;354.551546383779;;138;;12.8508620689655;1;2.45;90.3;22
2023-05-19T00:00:00Z;15;6.3;20.3;2023-05-19;2023;9.1;363.651546383779;;139;;12.8508620689655;1;3.3;93.6;23
2023-05-20T00:00:00Z;17.1;12;21.6;2023-05-20;2023;11.2;374.851546383779;;140;;12.8508620689655;1;6.8;100.4;24
2023-05-21T00:00:00Z;20.4;14.9;26.6;2023-05-21;2023;14.5;389.351546383779;;141;;12.8508620689655;1;10.75;111.15;25
2023-05-22T00:00:00Z;20.8;15.6;27.9;2023-05-22;2023;14.9;404.251546383779;;142;;12.8508620689655;1;11.75;122.9;26
2023-05-23T00:00:00Z;15.3;8.6;18.2;2023-05-23;2023;9.4;413.651546383779;;143;;12.8508620689655;1;3.4;126.3;27
2023-05-24T00:00:00Z;11.7;6.6;15.9;2023-05-24;2023;5.8;419.451546383779;;144;;12.8508620689655;1;1.25;127.55;28
2023-05-25T00:00:00Z;15.7;7;22.7;2023-05-25;2023;9.8;429.251546383779;;145;;12.8508620689655;1;4.85;132.4;29
2023-05-26T00:00:00Z;16.9;10.5;22.6;2023-05-26;2023;11;440.251546383779;;146;;12.8508620689655;1;6.55;138.95;30
2023-05-27T00:00:00Z;17.2;9.6;23.9;2023-05-27;2023;11.3;451.551546383779;;147;;12.8508620689655;1;6.75;145.7;31
2023-05-28T00:00:00Z;18.8;10.6;26.1;2023-05-28;2023;12.9;464.451546383779;;148;;12.8508620689655;1;8.35;154.05;32
2023-05-29T00:00:00Z;19.9;12.7;26.2;2023-05-29;2023;14;478.451546383779;;149;;12.8508620689655;1;9.45;163.5;33
2023-05-30T00:00:00Z;18.5;12.7;23.6;2023-05-30;2023;12.6;491.051546383779;;150;;12.8508620689655;1;8.15;171.65;34
2023-05-31T00:00:00Z;20.4;12.7;26.6;2023-05-31;2023;14.5;505.551546383779;;151;;12.8508620689655;1;9.65;181.3;35
2023-06-01T00:00:00Z;20.5;13.2;27;2023-06-01;2023;14.6;520.151546383779;;152;;12.8508620689655;1;10.1;191.4;36
2023-06-02T00:00:00Z;16.1;9.8;22.2;2023-06-02;2023;10.2;530.351546383779;;153;;12.8508620689655;1;6;197.4;37
2023-06-03T00:00:00Z;18.4;11.1;24.2;2023-06-03;2023;12.5;542.851546383779;;154;;12.8508620689655;1;7.65;205.05;38
2023-06-04T00:00:00Z;19.4;11.2;25.4;2023-06-04;2023;13.5;556.351546383779;;155;;12.8508620689655;1;8.3;213.35;39
2023-06-05T00:00:00Z;20.3;12.1;27;2023-06-05;2023;14.4;570.751546383779;;156;;12.8508620689655;1;9.55;222.9;40
2023-06-06T00:00:00Z;20;13;26.9;2023-06-06;2023;14.1;584.851546383779;;157;;12.8508620689655;1;9.95;232.85;41
2023-06-07T00:00:00Z;19.6;13;26;2023-06-07;2023;13.7;598.551546383779;;158;;12.8508620689655;1;9.5;242.35;42
2023-06-08T00:00:00Z;21;15.1;28.7;2023-06-08;2023;15.1;613.651546383779;;159;;12.8508620689655;1;11.9;254.25;43
2023-06-09T00:00:00Z;22.2;13.1;29.3;2023-06-09;2023;16.3;629.951546383779;;160;;12.8508620689655;1;11.2;265.45;44
2023-06-10T00:00:00Z;24.3;16;30.1;2023-06-10;2023;18.4;648.351546383779;;161;;12.8508620689655;1;13.05;278.5;45
2023-06-11T00:00:00Z;24.5;18.1;29.7;2023-06-11;2023;18.6;666.951546383779;;162;;12.8508620689655;1;13.9;292.4;46
2023-06-12T00:00:00Z;22.8;15.5;28.6;2023-06-12;2023;16.9;683.851546383779;;163;;12.8508620689655;1;12.05;304.45;47
2023-06-13T00:00:00Z;22.2;15.8;27.3;2023-06-13;2023;16.3;700.151546383779;;164;;12.8508620689655;1;11.55;316;48
2023-06-14T00:00:00Z;20.2;13;25.1;2023-06-14;2023;14.3;714.451546383779;;165;;12.8508620689655;1;9.05;325.05;49
2023-06-15T00:00:00Z;20.8;11.6;27;2023-06-15;2023;14.9;729.351546383779;;166;;12.8508620689655;1;9.3;334.35;50
2023-06-16T00:00:00Z;21;12.9;28;2023-06-16;2023;15.1;744.451546383779;;167;;12.8508620689655;1;10.45;344.8;51
2023-06-17T00:00:00Z;21.9;12.5;29.6;2023-06-17;2023;16;760.451546383779;;168;;12.8508620689655;1;11.05;355.85;52
2023-06-18T00:00:00Z;23.2;13.8;31.4;2023-06-18;2023;17.3;777.751546383779;;169;;12.8508620689655;1;12.6;368.45;53
2023-06-19T00:00:00Z;24.4;19.5;30.1;2023-06-19;2023;18.5;796.251546383779;;170;;12.8508620689655;1;14.8;383.25;54
2023-06-20T00:00:00Z;24.4;18.9;32.1;2023-06-20;2023;18.5;814.751546383779;;171;;12.8508620689655;1;15.5;398.75;55
2023-06-21T00:00:00Z;23.7;17;30.5;2023-06-21;2023;17.8;832.551546383779;;172;;12.8508620689655;1;13.75;412.5;56
2023-06-22T00:00:00Z;24.3;18.4;32.4;2023-06-22;2023;18.4;850.951546383779;;173;;12.8508620689655;1;15.4;427.9;57
2023-06-23T00:00:00Z;21.3;16.7;27.1;2023-06-23;2023;15.4;866.351546383779;;174;;12.8508620689655;1;11.9;439.8;58
2023-06-24T00:00:00Z;22.3;14;29.4;2023-06-24;2023;16.4;882.751546383779;;175;;12.8508620689655;1;11.7;451.5;59
2023-06-25T00:00:00Z;24.1;15.3;31.6;2023-06-25;2023;18.2;900.951546383779;;176;;12.8508620689655;1;13.45;464.95;60
2023-06-26T00:00:00Z;22.5;15.9;29.9;2023-06-26;2023;16.6;917.551546383779;;177;;12.8508620689655;1;12.9;477.85;61
2023-06-27T00:00:00Z;20.1;14.5;24.7;2023-06-27;2023;14.2;931.751546383779;;178;;12.8508620689655;1;9.6;487.45;62
2023-06-28T00:00:00Z;20.2;16.2;25.7;2023-06-28;2023;14.3;946.051546383779;;179;;12.8508620689655;1;10.95;498.4;63
2023-06-29T00:00:00Z;21.4;14.5;26.7;2023-06-29;2023;15.5;961.551546383779;;180;;12.8508620689655;1;10.6;509;64
2023-06-30T00:00:00Z;19.4;13.5;24.4;2023-06-30;2023;13.5;975.051546383779;;181;;12.8508620689655;1;8.95;517.95;65
2023-07-01T00:00:00Z;17.4;12.8;21;2023-07-01;2023;11.5;986.551546383779;;182;;12.8508620689655;1;6.9;524.85;66
2023-07-02T00:00:00Z;19.1;12.7;24.4;2023-07-02;2023;13.2;999.751546383779;;183;;12.8508620689655;1;8.55;533.4;67
2023-07-03T00:00:00Z;18.4;12.4;24.2;2023-07-03;2023;12.5;1012.25154638378;;184;;12.8508620689655;1;8.3;541.7;68
2023-07-04T00:00:00Z;20.5;12;27.4;2023-07-04;2023;14.6;1026.85154638378;;185;;12.8508620689655;1;9.7;551.4;69
2023-07-05T00:00:00Z;18.2;14.3;22.5;2023-07-05;2023;12.3;1039.15154638378;;186;;12.8508620689655;1;8.4;559.8;70
2023-07-06T00:00:00Z;19.1;10.9;26.3;2023-07-06;2023;13.2;1052.35154638378;;187;;12.8508620689655;1;8.6;568.4;71
2023-07-07T00:00:00Z;22.5;11.5;31.5;2023-07-07;2023;16.6;1068.95154638378;;188;;12.8508620689655;1;11.5;579.9;72
2023-07-08T00:00:00Z;23.8;17.9;33.5;2023-07-08;2023;17.9;1086.85154638378;;189;;12.8508620689655;1;15.7;595.6;73
2023-07-09T00:00:00Z;25.5;16.5;36.1;2023-07-09;2023;19.6;1106.45154638378;;190;;12.8508620689655;1;16.3;611.9;74
2023-07-10T00:00:00Z;25.1;18.2;30.9;2023-07-10;2023;19.2;1125.65154638378;;191;;12.8508620689655;1;14.55;626.45;75
2023-07-11T00:00:00Z;24.5;15.9;34.9;2023-07-11;2023;18.6;1144.25154638378;;192;;12.8508620689655;1;15.4;641.85;76
2023-07-12T00:00:00Z;23.3;18.2;28.6;2023-07-12;2023;17.4;1161.65154638378;;193;;12.8508620689655;1;13.4;655.25;77
2023-07-13T00:00:00Z;20.4;13.7;25.4;2023-07-13;2023;14.5;1176.15154638378;;194;;12.8508620689655;1;9.55;664.8;78
2023-07-14T00:00:00Z;22.1;14.6;28.8;2023-07-14;2023;16.2;1192.35154638378;;195;;12.8508620689655;1;11.7;676.5;79
2023-07-15T00:00:00Z;22;16.1;28.7;2023-07-15;2023;16.1;1208.45154638378;;196;;12.8508620689655;1;12.4;688.9;80
2023-07-16T00:00:00Z;20.7;15.6;25.9;2023-07-16;2023;14.8;1223.25154638378;;197;;12.8508620689655;1;10.75;699.65;81
2023-07-17T00:00:00Z;20.4;12.9;26.8;2023-07-17;2023;14.5;1237.75154638378;;198;;12.8508620689655;1;9.85;709.5;82
2023-07-18T00:00:00Z;21.1;12.2;28.5;2023-07-18;2023;15.2;1252.95154638378;;199;;12.8508620689655;1;10.35;719.85;83
2023-07-19T00:00:00Z;22.4;16.8;27.6;2023-07-19;2023;16.5;1269.45154638378;;200;;12.8508620689655;1;12.2;732.05;84
2023-07-20T00:00:00Z;20.5;14.5;25;2023-07-20;2023;14.6;1284.05154638378;;201;;12.8508620689655;1;9.75;741.8;85
2023-07-21T00:00:00Z;19;15.2;22.8;2023-07-21;2023;13.1;1297.15154638378;;202;;12.8508620689655;1;9;750.8;86
2023-07-22T00:00:00Z;19.5;11.8;25.9;2023-07-22;2023;13.6;1310.75154638378;;203;;12.8508620689655;1;8.85;759.65;87
2023-07-23T00:00:00Z;20.3;13.7;26.2;2023-07-23;2023;14.4;1325.15154638378;;204;;12.8508620689655;1;9.95;769.6;88
2023-07-24T00:00:00Z;21.1;17;26.6;2023-07-24;2023;15.2;1340.35154638378;;205;;12.8508620689655;1;11.8;781.4;89
2023-07-25T00:00:00Z;16.7;14.2;19.8;2023-07-25;2023;10.8;1351.15154638378;;206;;12.8508620689655;1;7;788.4;90
2023-07-26T00:00:00Z;16.3;12.5;21.5;2023-07-26;2023;10.4;1361.55154638378;;207;;12.8508620689655;1;7;795.4;91
2023-07-27T00:00:00Z;16.2;13.3;19.1;2023-07-27;2023;10.3;1371.85154638378;;208;;12.8508620689655;1;6.2;801.6;92
2023-07-28T00:00:00Z;19.9;16.5;23;2023-07-28;2023;14;1385.85154638378;;209;;12.8508620689655;1;9.75;811.35;93
2023-07-29T00:00:00Z;21.1;16.9;27.2;2023-07-29;2023;15.2;1401.05154638378;;210;;12.8508620689655;1;12.05;823.4;94
2023-07-30T00:00:00Z;19.3;16.9;22.9;2023-07-30;2023;13.4;1414.45154638378;;211;;12.8508620689655;1;9.9;833.3;95
2023-07-31T00:00:00Z;19.3;16.4;22.8;2023-07-31;2023;13.4;1427.85154638378;;212;;12.8508620689655;1;9.6;842.9;96
2023-08-01T00:00:00Z;18.5;16.2;22.6;2023-08-01;2023;12.6;1440.45154638378;;213;;12.8508620689655;1;9.4;852.3;97
2023-08-02T00:00:00Z;18.4;15.6;22.5;2023-08-02;2023;12.5;1452.95154638378;;214;;12.8508620689655;1;9.05;861.35;98
2023-08-03T00:00:00Z;18;15.7;21.1;2023-08-03;2023;12.1;1465.05154638378;;215;;12.8508620689655;1;8.4;869.75;99
2023-08-04T00:00:00Z;17.6;15;21.8;2023-08-04;2023;11.7;1476.75154638378;;216;;12.8508620689655;1;8.4;878.15;100
2023-08-05T00:00:00Z;18;13.8;23.3;2023-08-05;2023;12.1;1488.85154638378;;217;;12.8508620689655;1;8.55;886.7;101
2023-08-06T00:00:00Z;15.4;13.3;18.2;2023-08-06;2023;9.5;1498.35154638378;;218;;12.8508620689655;1;5.75;892.45;102
2023-08-07T00:00:00Z;16;13;21.1;2023-08-07;2023;10.1;1508.45154638378;;219;;12.8508620689655;1;7.05;899.5;103
2023-08-08T00:00:00Z;16.3;9.8;21;2023-08-08;2023;10.4;1518.85154638378;;220;;12.8508620689655;1;5.4;904.9;104
2023-08-09T00:00:00Z;18;13.3;23.6;2023-08-09;2023;12.1;1530.95154638378;;221;;12.8508620689655;1;8.45;913.35;105
2023-08-10T00:00:00Z;18.9;12.9;26.4;2023-08-10;2023;13;1543.95154638378;;222;;12.8508620689655;1;9.65;923;106
2023-08-11T00:00:00Z;21.4;12.5;29.6;2023-08-11;2023;15.5;1559.45154638378;;223;;12.8508620689655;1;11.05;934.05;107
2023-08-12T00:00:00Z;21.7;19;26.4;2023-08-12;2023;15.8;1575.25154638378;;224;;12.8508620689655;1;12.7;946.75;108
2023-08-13T00:00:00Z;21.3;16.7;26.6;2023-08-13;2023;15.4;1590.65154638378;;225;;12.8508620689655;1;11.65;958.4;109
2023-08-14T00:00:00Z;22.1;18.2;27.5;2023-08-14;2023;16.2;1606.85154638378;;226;;12.8508620689655;1;12.85;971.25;110
2023-08-15T00:00:00Z;21.2;18.9;24.8;2023-08-15;2023;15.3;1622.15154638378;;227;;12.8508620689655;1;11.85;983.1;111
2023-08-16T00:00:00Z;21.4;17.7;27.7;2023-08-16;2023;15.5;1637.65154638378;;228;;12.8508620689655;1;12.7;995.8;112
2023-08-17T00:00:00Z;21.9;17.1;27.5;2023-08-17;2023;16;1653.65154638378;;229;;12.8508620689655;1;12.3;1008.1;113
2023-08-18T00:00:00Z;23.8;17.8;31.5;2023-08-18;2023;17.9;1671.55154638378;;230;;12.8508620689655;1;14.65;1022.75;114
2023-08-19T00:00:00Z;24.2;19.8;28.8;2023-08-19;2023;18.3;1689.85154638378;;231;;12.8508620689655;1;14.3;1037.05;115
2023-08-20T00:00:00Z;25.6;20.3;32;2023-08-20;2023;19.7;1709.55154638378;;232;;12.8508620689655;1;16.15;1053.2;116
